{
  "$schema" : "https://json-schema.org/draft/2019-09/schema",
  "type" : "object",
  "properties" : {
    "computercraft" : {
      "type" : "object",
      "properties" : {
        "defaultMinPeriod" : {
          "type" : "integer",
          "format" : "int64",
          "description" : "m"
        },
        "enableCheatCannonMountPeripheral" : {
          "type" : "boolean",
          "description" : "Enable cheat functions on cannon mount peripheral"
        },
        "enableCheatFlapBearingPeripheral" : {
          "type" : "boolean",
          "description" : "Enable cheat functions on flap bearing peripheral"
        },
        "eventQueueMaxSize" : {
          "type" : "integer",
          "format" : "int32",
          "description" : "Max size of Computer Craft event queue"
        }
      },
      "additionalProperties" : false
    },
    "create" : {
      "type" : "object",
      "properties" : {
        "fanForceMultiplier" : {
          "type" : "number",
          "format" : "double",
          "description" : "Multiplier of Clockwork encased fan force"
        },
        "stickerCompliance" : {
          "type" : "number",
          "format" : "double",
          "description" : "Compliance of sticker's constraints"
        },
        "stickerMaxForce" : {
          "type" : "number",
          "format" : "double",
          "description" : "Max Force of sticker's constraints"
        }
      },
      "additionalProperties" : false
    },
    "createBigCannons" : {
      "type" : "object",
      "properties" : {
        "autoCannonRecoilForce" : {
          "type" : "number",
          "format" : "double",
          "description" : "The force of recoil produced by auto cannon fire on a ship"
        },
        "bigCannonRecoilForce" : {
          "type" : "number",
          "format" : "double",
          "description" : "The force of recoil produced by big cannon fire on a ship"
        },
        "customAutoCannonFireRates" : {
          "description" : "Custom autocannon breech fire rates",
          "type" : "array",
          "items" : {
            "type" : "integer",
            "format" : "int32",
            "description" : "Custom autocannon breech fire rates"
          }
        },
        "mediumCannonRecoilForce" : {
          "type" : "number",
          "format" : "double",
          "description" : "The force of recoil produced by medium cannon fire on a ship"
        },
        "spreadMultiplier" : {
          "type" : "number",
          "format" : "double",
          "description" : "I hope cannons will no longer destroy airplane cockpits"
        }
      },
      "additionalProperties" : false
    },
    "defaultBlockElasticity" : {
      "type" : "number",
      "format" : "double",
      "description" : "VS2 default block elasticity"
    },
    "defaultBlockFriction" : {
      "type" : "number",
      "format" : "double",
      "description" : "VS2 default block friction"
    },
    "defaultBlockHardness" : {
      "type" : "number",
      "format" : "double",
      "description" : "VS2 default block hardness"
    },
    "defaultBlockMass" : {
      "type" : "number",
      "format" : "double",
      "description" : "VS2 default block mass"
    },
    "disableSomeWarnings" : {
      "type" : "boolean",
      "description" : "Disable some annoying console logs :)"
    },
    "getEntitiesAabbSizeLimit" : {
      "type" : "number",
      "format" : "double",
      "description" : "Disable some annoying console logs :)"
    },
    "physBearing" : {
      "type" : "object",
      "properties" : {
        "physBearingAngleErrorMultiplier" : {
          "type" : "number",
          "format" : "double",
          "description" : "Angle error multiplier of locked mode phys bearing's force"
        },
        "physBearingCompliance" : {
          "type" : "number",
          "format" : "double",
          "description" : "Compliance of phys bearing's constraints"
        },
        "physBearingMaxForce" : {
          "type" : "number",
          "format" : "double",
          "description" : "Max Force of phys bearing's constraints"
        },
        "physBearingOmegaErrorMultiplier" : {
          "type" : "number",
          "format" : "double",
          "description" : "Omega error multiplier of phys bearing's force"
        }
      },
      "additionalProperties" : false
    },
    "$schema" : {
      "type" : "string"
    }
  },
  "additionalProperties" : false
}